price,area,bedrooms,bathrooms,stories,mainroad,guestroom,basement,hotwaterheating,airconditioning,parking,prefarea,furnishingstatus
5000000,2948,3,2,1,no,no,no,no,yes,0,no,unfurnished
10900000,12911,4,4,2,no,no,yes,no,yes,1,no,unfurnished
10850000,11174,3,3,2,yes,no,no,no,yes,0,no,unfurnished
7850000,8035,3,3,1,yes,no,no,no,no,0,no,unfurnished
10050000,7950,3,3,1,no,yes,yes,no,no,1,yes,semi-furnished
11300000,14142,4,3,1,yes,no,no,no,yes,0,no,unfurnished
6850000,2900,4,3,2,yes,no,yes,no,yes,0,yes,semi-furnished
8250000,11796,2,2,1,yes,no,no,no,no,0,no,semi-furnished
7000000,4581,2,2,3,yes,no,no,no,no,0,yes,unfurnished
5700000,3020,3,3,2,yes,yes,yes,no,no,1,no,unfurnished
7700000,9310,3,2,2,yes,no,yes,no,no,0,no,unfurnished
13550000,15845,3,3,4,no,no,no,no,no,0,no,furnished
10700000,12355,3,2,1,yes,no,yes,no,yes,3,no,unfurnished
10350000,12724,2,2,2,yes,no,no,no,no,2,no,semi-furnished
10900000,12089,3,3,3,yes,no,no,no,no,0,yes,unfurnished
10100000,13087,3,2,2,yes,no,no,no,yes,0,no,unfurnished
10100000,9117,2,1,2,yes,no,yes,no,no,1,no,semi-furnished
8250000,3514,4,4,2,yes,no,no,no,yes,2,no,unfurnished
8300000,13868,2,1,1,yes,no,no,no,no,2,no,semi-furnished
7600000,8203,5,4,2,yes,no,yes,no,no,0,no,unfurnished
7650000,8930,2,2,4,yes,no,no,no,no,0,no,unfurnished
9450000,7045,4,4,3,yes,no,yes,no,no,1,no,unfurnished
7100000,4306,4,4,1,yes,yes,no,no,no,2,no,furnished
15000000,15134,5,4,2,yes,yes,no,no,no,2,yes,furnished
11800000,13021,4,4,1,yes,no,no,no,no,0,yes,unfurnished
11300000,11018,4,4,3,no,no,no,no,no,1,no,unfurnished
10800000,7505,4,4,1,yes,no,no,no,no,0,yes,unfurnished
13100000,13621,4,3,3,yes,no,yes,no,yes,1,yes,furnished
10250000,9585,2,2,3,yes,no,yes,no,no,2,yes,semi-furnished
6650000,8101,3,2,1,yes,yes,no,no,no,1,no,unfurnished
8850000,8204,3,3,1,yes,no,no,no,yes,0,yes,unfurnished
8800000,4956,4,4,3,yes,no,no,no,no,1,yes,furnished
5000000,2990,3,3,1,yes,no,no,no,no,1,no,semi-furnished
9850000,9719,3,3,2,yes,no,yes,no,no,2,no,furnished
11100000,14568,4,3,3,yes,no,yes,no,no,0,no,semi-furnished
7200000,2578,3,4,2,yes,yes,yes,no,no,2,no,semi-furnished
12050000,14138,2,2,2,no,no,no,no,no,0,no,furnished
11800000,13692,3,3,2,no,no,no,no,yes,0,no,furnished
7250000,5676,3,2,1,yes,no,no,no,no,0,no,unfurnished
8600000,10840,3,2,4,no,yes,yes,no,no,0,yes,unfurnished
7550000,4054,3,3,1,yes,no,yes,no,no,0,no,unfurnished
10250000,12680,3,3,1,no,no,no,no,no,1,yes,semi-furnished
9500000,11842,3,2,1,no,no,no,no,no,0,yes,semi-furnished
6950000,6808,3,2,4,yes,no,no,no,no,0,no,semi-furnished
6050000,2638,4,3,1,yes,no,no,no,no,0,yes,semi-furnished
12450000,15773,3,3,3,no,no,no,no,no,0,yes,semi-furnished
10900000,8134,5,4,2,no,no,no,no,no,2,no,unfurnished
14550000,14644,5,4,3,no,yes,no,no,yes,2,no,unfurnished
10150000,11513,3,2,4,yes,no,no,no,no,0,yes,unfurnished
10100000,12975,3,2,3,yes,no,no,no,no,2,yes,semi-furnished
10550000,12706,3,3,3,no,no,no,no,no,2,yes,semi-furnished
9200000,4481,4,4,1,yes,no,yes,yes,no,3,yes,furnished
8050000,6944,4,3,2,yes,yes,no,no,no,0,no,furnished
8350000,8440,4,4,2,yes,no,yes,no,no,0,no,unfurnished
10100000,8892,3,4,2,yes,no,no,no,yes,1,no,semi-furnished
5050000,2287,4,4,3,yes,no,no,no,no,2,no,unfurnished
10200000,9602,3,2,4,yes,no,no,no,no,1,no,furnished
8450000,3894,4,3,2,yes,no,no,no,yes,1,no,unfurnished
11050000,12466,2,2,2,yes,no,no,no,yes,0,yes,unfurnished
11250000,11588,4,4,2,no,yes,yes,no,no,1,yes,semi-furnished
10050000,15072,4,3,2,yes,yes,yes,no,no,2,no,unfurnished
10200000,12486,2,2,2,yes,no,yes,no,no,1,no,semi-furnished
7250000,6984,3,3,2,yes,no,no,yes,yes,1,yes,unfurnished
11750000,15727,2,1,1,no,yes,no,no,no,1,no,unfurnished
8300000,7627,4,4,1,yes,no,yes,no,no,1,no,unfurnished
8200000,6390,2,2,2,yes,no,no,no,no,1,no,unfurnished
12350000,14825,5,4,2,yes,no,no,no,no,2,no,semi-furnished
9050000,7040,2,2,3,yes,yes,no,no,yes,3,no,unfurnished
6750000,2760,5,4,2,yes,no,no,no,no,1,no,unfurnished
10050000,8482,4,4,1,no,no,yes,no,yes,0,yes,furnished
11650000,13227,3,3,1,yes,no,no,no,no,1,yes,furnished
7350000,4406,4,3,1,yes,no,no,no,yes,0,no,unfurnished
10150000,8385,4,4,4,no,yes,yes,no,no,0,no,semi-furnished
9750000,3540,5,4,1,yes,no,no,no,yes,0,yes,semi-furnished
9550000,11638,3,3,2,no,no,no,no,no,1,no,unfurnished
7850000,8571,3,3,3,yes,no,no,no,no,0,no,unfurnished
5650000,6454,2,1,4,yes,no,no,no,no,0,no,semi-furnished
5400000,4951,3,2,1,no,no,no,no,yes,2,no,semi-furnished
10400000,9863,2,2,1,yes,no,no,no,yes,0,no,semi-furnished
9350000,11395,3,3,1,yes,no,no,no,no,1,no,unfurnished
12600000,15331,3,3,1,no,yes,no,no,no,2,no,semi-furnished
9900000,8010,3,3,1,yes,no,yes,no,no,1,yes,semi-furnished
7050000,3988,3,3,2,yes,no,yes,no,no,0,no,unfurnished
11350000,13765,4,4,3,yes,no,yes,no,no,0,no,unfurnished
11650000,10813,4,4,2,yes,no,no,no,no,1,yes,unfurnished
11450000,11838,3,3,2,yes,yes,no,no,yes,1,no,furnished
5650000,3064,3,4,1,yes,no,no,no,no,0,no,unfurnished
9400000,6194,5,4,2,yes,no,no,no,no,1,yes,semi-furnished
11550000,12822,2,2,2,yes,no,yes,no,no,1,no,furnished
9050000,13759,2,2,3,yes,no,no,no,no,0,no,unfurnished
7950000,7982,2,2,3,no,no,no,no,no,1,no,unfurnished
11150000,13359,4,4,2,yes,no,no,no,no,0,no,semi-furnished
9500000,13896,3,2,1,no,no,no,no,no,0,no,unfurnished
9150000,7287,4,3,1,yes,no,no,no,yes,2,no,semi-furnished
11800000,14717,4,4,2,no,yes,no,no,no,0,no,furnished
9750000,5845,3,4,3,yes,no,no,no,no,1,no,semi-furnished
9400000,5135,4,4,2,yes,no,no,no,no,1,no,semi-furnished
10850000,11580,4,4,2,no,no,yes,no,no,0,no,unfurnished
10900000,10914,3,3,2,yes,no,yes,yes,yes,2,no,unfurnished
5950000,3683,3,3,1,yes,no,no,no,yes,0,no,unfurnished
14450000,13766,3,3,1,yes,no,yes,no,yes,0,yes,furnished
6450000,4558,2,2,2,yes,no,yes,no,no,2,no,semi-furnished
11900000,13361,2,2,2,yes,no,no,no,yes,2,no,furnished
8600000,1757,5,4,2,yes,yes,yes,no,no,1,no,unfurnished
10050000,13244,3,2,1,yes,no,no,no,no,0,no,semi-furnished
12650000,13099,3,3,2,yes,no,no,no,no,0,no,semi-furnished
11550000,13004,4,4,1,yes,yes,no,no,yes,1,yes,unfurnished
10650000,11323,3,3,3,yes,no,no,no,no,0,yes,unfurnished
11600000,8511,5,4,1,yes,no,no,no,yes,0,no,semi-furnished
11300000,11910,4,3,1,yes,no,no,no,no,2,no,semi-furnished
7500000,5682,3,3,2,yes,no,yes,no,yes,0,no,unfurnished
9650000,13009,3,2,2,yes,no,no,no,yes,0,no,semi-furnished
12100000,9734,6,4,2,yes,no,no,no,yes,0,no,furnished
9650000,8327,4,4,2,yes,yes,yes,no,no,1,no,unfurnished
11100000,9006,5,4,4,yes,yes,no,no,yes,1,no,semi-furnished
8300000,9925,2,1,2,yes,no,no,no,no,2,no,semi-furnished
7300000,2192,4,3,2,yes,no,no,no,no,0,no,furnished
8150000,3684,4,4,2,yes,yes,no,no,no,0,no,semi-furnished
7050000,5221,2,3,1,no,no,yes,no,yes,1,no,semi-furnished
5650000,3316,3,3,2,yes,no,no,no,yes,1,no,semi-furnished
10000000,8046,4,3,1,yes,no,yes,no,no,1,no,semi-furnished
10000000,11375,1,1,2,yes,no,yes,no,yes,2,yes,semi-furnished
9700000,11171,3,3,1,yes,no,yes,no,no,1,no,unfurnished
7650000,8504,4,3,4,yes,no,no,no,no,1,no,unfurnished
11500000,14091,3,3,2,yes,no,no,no,no,3,no,furnished
9800000,9874,3,3,3,yes,yes,no,no,yes,0,no,furnished
6800000,2802,3,3,2,yes,no,yes,no,no,2,yes,unfurnished
12400000,12780,3,3,1,no,yes,yes,no,yes,1,no,unfurnished
9100000,10010,5,4,3,no,no,no,no,no,1,no,unfurnished
12150000,10885,4,3,2,yes,yes,yes,no,yes,2,no,furnished
9000000,9876,2,1,2,yes,no,no,no,no,1,yes,semi-furnished
11400000,9704,6,4,2,yes,yes,no,no,no,1,no,furnished
8500000,2967,4,4,2,yes,no,no,no,yes,0,no,unfurnished
9500000,9786,3,3,3,no,no,no,no,yes,1,no,semi-furnished
13500000,13215,4,4,2,yes,yes,yes,no,no,1,no,semi-furnished
5450000,6072,2,2,2,no,no,yes,no,yes,0,no,semi-furnished
12250000,10421,6,4,2,no,no,no,no,yes,1,no,semi-furnished
5650000,2098,4,3,2,yes,no,no,no,no,1,no,semi-furnished
10000000,6706,4,3,4,yes,no,no,no,no,1,yes,furnished
8400000,8004,2,2,2,yes,no,yes,no,yes,0,no,semi-furnished
12900000,15948,4,4,2,yes,yes,no,no,no,1,no,unfurnished
5850000,4772,1,1,2,yes,no,no,no,yes,0,no,unfurnished
6550000,5673,3,3,2,no,no,no,no,no,0,yes,semi-furnished
9750000,7594,2,2,2,yes,yes,yes,no,yes,1,no,unfurnished
11750000,16093,4,4,2,yes,no,no,no,no,0,no,unfurnished
11200000,14067,2,2,1,no,no,yes,no,no,0,yes,furnished
7850000,2154,5,4,2,yes,no,no,no,yes,1,yes,furnished
8850000,5053,4,4,1,yes,no,no,yes,yes,0,yes,semi-furnished
10650000,13605,2,3,1,no,no,no,no,no,3,no,semi-furnished
5200000,2498,1,1,2,yes,no,no,no,no,2,no,furnished
10050000,14100,2,2,2,yes,no,no,no,no,1,no,furnished
9450000,5744,3,3,3,yes,yes,yes,no,no,3,no,furnished
13150000,15001,4,4,1,no,yes,yes,no,no,2,no,semi-furnished
6050000,5921,3,3,1,yes,no,no,no,no,0,no,semi-furnished
10450000,7969,4,4,3,yes,no,no,yes,no,2,no,furnished
12150000,11280,2,3,1,yes,no,yes,yes,no,0,yes,unfurnished
6850000,3487,4,4,1,yes,no,yes,no,no,1,no,semi-furnished
9950000,9754,5,4,1,no,no,no,no,yes,1,no,semi-furnished
9650000,8997,4,4,2,yes,no,yes,no,no,0,no,furnished
14650000,13055,4,4,3,no,no,yes,no,yes,0,no,unfurnished
15000000,16143,4,4,2,yes,no,no,no,yes,3,no,unfurnished
8250000,11315,2,2,2,yes,no,no,no,no,0,no,semi-furnished
8450000,7603,2,3,1,no,no,no,no,no,0,no,furnished
7150000,7562,2,1,2,yes,no,no,no,yes,0,yes,semi-furnished
7250000,7731,3,2,2,yes,no,yes,no,yes,1,no,furnished
10100000,13493,4,4,1,no,no,no,no,no,2,no,unfurnished
7800000,6323,4,4,1,yes,no,no,no,no,2,no,furnished
7700000,4079,4,4,1,yes,no,no,no,yes,1,yes,unfurnished
7500000,6513,2,2,1,no,no,yes,no,yes,0,no,semi-furnished
7250000,1980,4,4,2,yes,no,yes,no,no,0,no,semi-furnished
5000000,3194,2,2,2,yes,no,yes,no,no,1,no,unfurnished
7450000,2960,3,2,1,yes,no,no,no,yes,2,yes,furnished
10600000,12876,4,3,2,yes,no,no,no,no,1,no,unfurnished
13200000,12160,6,4,2,yes,no,no,no,no,1,no,furnished
9800000,11788,3,2,2,yes,no,no,no,yes,1,no,unfurnished
8950000,8370,2,2,2,yes,no,no,no,no,1,no,semi-furnished
10600000,12083,3,4,2,yes,no,no,no,no,1,no,furnished
7750000,3996,2,2,3,yes,yes,yes,no,no,1,no,unfurnished
10650000,14754,4,3,1,yes,no,no,no,no,1,no,furnished
10750000,8940,4,4,2,yes,no,no,no,no,1,no,furnished
12750000,15298,2,3,1,yes,no,yes,no,no,2,no,unfurnished
5450000,3866,2,2,2,yes,no,no,no,no,1,no,semi-furnished
8850000,8886,2,2,2,yes,no,no,no,no,0,no,unfurnished
10900000,11781,6,4,1,no,no,yes,no,no,0,yes,semi-furnished
7200000,8861,3,3,2,yes,no,no,no,no,1,yes,semi-furnished
6650000,8141,4,4,1,yes,no,yes,no,no,1,no,semi-furnished
8650000,4068,4,3,1,no,no,yes,no,yes,1,no,furnished
10450000,7193,3,3,1,yes,no,yes,no,yes,1,no,unfurnished
8100000,5124,2,3,2,yes,no,no,no,no,0,no,furnished
8300000,6037,5,4,1,yes,no,no,no,no,1,no,semi-furnished
10350000,11597,3,2,2,yes,no,yes,no,yes,1,no,semi-furnished
9100000,10820,3,3,1,yes,no,yes,no,no,1,no,semi-furnished
11850000,10484,4,3,2,yes,no,yes,no,yes,1,yes,semi-furnished
8400000,6914,4,4,3,yes,no,yes,no,no,0,no,unfurnished
14350000,15613,5,4,2,no,no,no,no,no,1,yes,unfurnished
7800000,2925,2,3,2,no,no,no,no,yes,2,no,unfurnished
9300000,6634,3,3,3,yes,no,no,no,no,2,no,semi-furnished
7500000,3366,3,3,4,yes,no,no,no,yes,1,no,semi-furnished
6250000,6581,3,2,2,yes,no,no,no,no,0,no,furnished
12200000,15645,2,1,3,no,no,yes,no,yes,1,no,unfurnished
8600000,6979,2,2,3,yes,no,yes,no,no,2,yes,semi-furnished
11950000,14869,3,3,2,yes,no,no,no,no,0,no,semi-furnished
10050000,8853,3,2,2,yes,no,no,no,yes,2,yes,furnished
9100000,11830,3,2,1,yes,no,no,no,yes,0,no,unfurnished
9200000,8305,3,4,1,yes,no,no,no,yes,0,no,unfurnished
7100000,5518,4,4,2,yes,yes,no,no,no,0,yes,unfurnished
12000000,12769,3,2,2,yes,no,no,no,no,0,yes,furnished
13400000,15751,3,3,2,no,no,no,no,no,2,no,unfurnished
9850000,5484,3,4,2,yes,no,yes,no,no,1,yes,semi-furnished
11250000,12980,3,3,2,yes,no,yes,no,no,0,yes,semi-furnished
7600000,5449,3,2,3,yes,no,yes,no,no,1,no,semi-furnished
9150000,12080,2,2,1,yes,no,yes,no,no,1,no,semi-furnished
12050000,13130,3,3,1,yes,no,no,no,no,0,no,semi-furnished
7150000,8188,3,2,2,yes,no,no,no,no,0,no,semi-furnished
10600000,12372,3,3,3,yes,yes,no,no,no,1,no,semi-furnished
7250000,5611,3,4,4,yes,no,no,no,no,0,no,unfurnished
7200000,2803,3,3,3,yes,no,yes,no,yes,2,no,unfurnished
5000000,3052,4,3,3,yes,no,no,no,yes,0,no,unfurnished
9450000,8154,4,4,1,yes,no,no,no,no,2,no,semi-furnished
13400000,14782,4,4,2,yes,no,yes,no,no,2,no,furnished
6000000,3506,3,3,1,yes,no,yes,no,no,0,no,unfurnished
9850000,8281,4,4,2,yes,no,no,no,no,0,yes,furnished
11350000,11893,3,3,3,yes,no,yes,no,no,2,no,semi-furnished
7050000,4594,3,2,2,yes,no,no,no,no,1,yes,furnished
9150000,12149,3,2,2,no,no,no,no,yes,1,no,unfurnished
6350000,6101,3,2,1,no,no,no,no,no,0,yes,semi-furnished
11650000,13416,3,3,1,yes,no,yes,no,yes,0,no,unfurnished
9750000,10077,4,4,1,yes,no,no,no,no,1,no,semi-furnished
10050000,9607,4,4,1,yes,no,no,no,no,2,no,semi-furnished
7750000,4222,5,4,3,yes,yes,yes,no,no,0,yes,semi-furnished
10500000,8389,3,2,2,yes,no,no,no,no,2,yes,furnished
10950000,14113,3,3,3,no,no,no,no,no,1,no,semi-furnished
5000000,1934,4,3,2,no,no,no,no,no,0,no,semi-furnished
10400000,12686,3,3,1,yes,no,yes,no,no,0,no,semi-furnished
9300000,8819,4,4,1,yes,no,no,no,no,0,no,furnished
10050000,12118,3,3,2,no,no,yes,no,yes,1,yes,unfurnished
9750000,11300,2,2,1,yes,no,yes,no,yes,1,no,semi-furnished
6600000,7936,2,1,3,no,no,yes,no,no,1,no,furnished
10750000,6141,4,4,1,yes,no,no,no,yes,0,yes,furnished
8650000,10777,2,2,2,no,no,yes,no,no,1,no,semi-furnished
7650000,3690,3,3,2,yes,no,no,no,no,1,yes,semi-furnished
7550000,10148,3,2,1,yes,no,no,no,no,1,no,unfurnished
7400000,3027,2,3,1,yes,yes,no,no,yes,1,no,semi-furnished
9400000,11105,3,2,4,yes,no,no,no,no,0,no,unfurnished
11200000,10798,4,4,1,yes,yes,no,no,yes,1,no,semi-furnished
5050000,2878,1,1,2,no,no,yes,no,no,1,yes,semi-furnished
13400000,12671,4,4,2,yes,no,yes,no,no,1,no,unfurnished
9000000,7699,4,4,1,no,no,no,no,yes,0,no,semi-furnished
12350000,13099,3,3,2,yes,no,no,no,yes,1,no,furnished
5800000,2255,2,1,2,yes,no,no,yes,yes,1,no,semi-furnished
7850000,4261,3,3,2,yes,no,no,no,no,0,no,unfurnished
7700000,8837,2,2,3,yes,no,no,no,no,2,no,unfurnished
6700000,4388,3,2,1,yes,no,no,no,yes,2,no,furnished
9050000,6449,5,4,1,yes,no,no,no,yes,0,no,unfurnished
11250000,11261,6,4,2,yes,no,yes,no,no,1,no,semi-furnished
8500000,3752,4,4,4,yes,yes,no,no,yes,1,no,furnished
8250000,11510,3,2,1,no,no,yes,no,no,3,no,unfurnished
8550000,3154,4,4,1,yes,no,no,yes,no,0,yes,semi-furnished
5450000,4198,4,4,2,no,no,yes,no,no,0,no,semi-furnished
10100000,10200,3,3,2,yes,no,no,no,no,1,yes,unfurnished
12200000,13195,4,3,1,yes,yes,no,no,no,0,no,semi-furnished
6200000,4132,1,1,2,yes,no,yes,yes,no,1,yes,unfurnished
7500000,6014,2,2,2,yes,no,yes,no,yes,1,yes,semi-furnished
11250000,15110,3,4,2,yes,no,no,no,yes,0,no,furnished
12750000,16049,2,3,1,yes,no,yes,no,no,1,no,semi-furnished
7850000,10104,2,1,1,yes,yes,no,no,yes,2,no,unfurnished
10050000,8154,4,4,2,yes,no,no,no,no,2,no,semi-furnished
9350000,6696,6,4,2,yes,no,yes,no,no,1,no,furnished
10750000,10561,3,2,3,yes,no,yes,no,no,0,no,unfurnished
8650000,10247,4,3,2,no,no,no,no,yes,0,no,unfurnished
8900000,5938,6,4,2,yes,no,no,no,no,2,no,unfurnished
6650000,1981,2,2,4,no,yes,yes,no,no,1,no,semi-furnished
6700000,3854,3,3,2,no,no,no,no,yes,1,yes,semi-furnished
9750000,15597,3,2,2,no,no,no,no,no,2,no,semi-furnished
6600000,7734,2,2,3,no,yes,no,no,no,0,no,unfurnished
9600000,8667,4,4,1,yes,no,no,no,no,1,yes,unfurnished
8850000,8446,3,3,2,yes,no,no,no,no,0,no,unfurnished
10650000,13038,3,3,2,yes,yes,no,no,yes,0,no,semi-furnished
5000000,2595,2,2,1,no,no,no,no,no,1,yes,furnished
5000000,2853,2,1,2,yes,no,no,no,no,1,no,semi-furnished
9550000,5663,4,3,1,yes,no,no,yes,yes,2,yes,furnished
8750000,8730,2,2,1,no,no,yes,no,no,0,yes,furnished
12600000,11414,3,3,2,yes,no,no,no,yes,2,no,semi-furnished
11700000,8789,3,3,1,yes,no,yes,no,yes,2,yes,unfurnished
9550000,8068,3,2,2,yes,no,yes,no,no,1,yes,unfurnished
13000000,15295,3,2,3,yes,no,yes,no,yes,2,no,unfurnished
8050000,3992,3,3,2,yes,no,yes,no,no,1,yes,unfurnished
9850000,9968,2,1,1,no,yes,no,no,yes,1,no,unfurnished
9950000,9539,3,3,1,yes,no,no,no,no,0,no,unfurnished
11550000,8539,4,4,1,yes,yes,no,no,yes,0,yes,furnished
12400000,13400,4,4,1,yes,no,yes,no,no,2,no,semi-furnished
9400000,5534,4,4,3,yes,no,no,no,yes,1,yes,furnished
14100000,15527,4,4,2,yes,no,no,no,no,0,no,furnished
8050000,6474,4,4,1,no,no,no,no,no,0,yes,furnished
8250000,9579,2,1,3,no,no,no,yes,yes,1,no,unfurnished
9250000,9225,3,4,2,yes,no,no,no,no,1,yes,unfurnished
10350000,14014,3,4,1,yes,yes,no,no,no,0,no,unfurnished
6650000,8036,3,3,1,yes,no,no,no,no,2,yes,unfurnished
10950000,5790,4,4,2,yes,no,no,no,yes,1,yes,unfurnished
6100000,1964,3,2,2,yes,no,no,no,yes,2,no,furnished
9350000,6941,4,4,1,yes,yes,no,no,no,0,no,unfurnished
13100000,13672,4,3,3,yes,no,yes,no,no,1,no,unfurnished
5450000,1794,3,2,3,no,no,no,no,yes,0,yes,unfurnished
15000000,14689,4,4,3,yes,no,no,no,no,1,yes,furnished
6500000,9548,3,2,1,no,no,yes,no,no,1,no,furnished
8850000,3690,4,4,1,yes,no,no,no,no,1,no,unfurnished
8050000,6046,3,3,3,no,no,no,no,no,0,no,furnished
10750000,9711,3,3,1,yes,no,yes,no,no,2,no,semi-furnished
9900000,6243,3,3,2,yes,no,yes,no,yes,0,no,semi-furnished
5000000,3229,2,1,2,no,yes,yes,no,no,1,yes,furnished
10650000,11340,3,2,1,no,no,no,no,yes,3,no,furnished
12800000,11431,5,4,2,yes,yes,yes,no,no,1,no,unfurnished
5600000,3379,4,4,3,yes,no,no,no,no,2,no,unfurnished
7000000,5741,2,2,2,yes,no,no,no,no,1,no,unfurnished
9050000,5198,3,3,2,yes,no,no,no,yes,2,yes,semi-furnished
12350000,11244,2,1,3,yes,no,no,no,yes,1,no,furnished
8250000,12275,1,2,2,no,no,yes,no,no,1,no,semi-furnished
13500000,12227,5,4,2,yes,yes,yes,no,no,0,no,semi-furnished
13250000,15308,3,3,3,yes,no,no,yes,no,2,no,furnished
11000000,12833,3,3,2,yes,no,yes,no,no,0,no,unfurnished
8450000,6315,3,3,1,yes,yes,yes,no,no,3,yes,unfurnished
5000000,3217,1,1,1,yes,no,no,no,yes,0,no,semi-furnished
11000000,10593,3,3,1,yes,no,yes,no,no,0,yes,semi-furnished
12150000,14977,4,3,2,yes,no,no,no,yes,2,no,semi-furnished
14650000,15838,4,3,2,yes,no,no,no,no,0,yes,furnished
7700000,4999,6,4,2,no,no,no,no,yes,1,no,semi-furnished
7000000,5090,3,3,2,yes,yes,no,no,yes,1,no,semi-furnished
5000000,2194,3,3,2,no,yes,no,no,no,0,no,semi-furnished
8100000,3705,4,3,3,yes,yes,no,no,no,0,yes,semi-furnished
9500000,9723,4,3,1,yes,no,no,no,yes,1,no,unfurnished
10450000,9605,4,4,2,yes,no,no,no,yes,0,no,furnished
10600000,7046,5,4,2,yes,no,yes,no,no,0,no,furnished
10700000,6159,4,4,2,yes,no,no,no,yes,0,yes,furnished
12850000,13723,4,3,1,yes,no,yes,yes,yes,1,no,furnished
7100000,8343,2,2,2,yes,no,yes,no,no,0,no,semi-furnished
13200000,13410,4,4,4,yes,no,yes,yes,yes,0,no,unfurnished
12950000,15664,3,3,2,yes,no,no,no,no,1,yes,unfurnished
6450000,6264,3,3,3,yes,no,no,no,no,1,no,semi-furnished
8450000,4599,4,4,4,yes,yes,no,no,yes,0,yes,semi-furnished
13900000,15514,5,4,2,yes,no,no,no,yes,0,yes,furnished
12700000,10886,6,4,2,yes,no,yes,no,yes,2,yes,semi-furnished
7200000,5882,3,2,2,yes,no,no,no,yes,1,no,semi-furnished
12750000,10698,4,4,4,yes,no,no,yes,yes,1,no,unfurnished
8200000,9144,4,3,1,yes,no,no,no,no,1,no,semi-furnished
10250000,14825,3,2,2,yes,no,yes,no,no,0,no,furnished
7350000,5374,2,2,3,yes,no,yes,no,no,2,no,semi-furnished
11350000,16074,2,2,1,no,no,no,no,no,2,no,furnished
10250000,15269,4,3,2,yes,no,no,no,no,2,no,unfurnished
5250000,4279,3,2,2,no,no,no,no,no,0,no,furnished
8750000,4045,6,4,4,no,yes,no,no,yes,0,yes,furnished
10200000,9407,3,2,3,yes,no,no,no,yes,0,no,furnished
7200000,2303,5,4,1,yes,yes,no,no,yes,0,no,unfurnished
7900000,5997,3,3,2,yes,no,yes,no,yes,0,no,semi-furnished
10300000,7980,4,3,1,no,no,yes,no,yes,1,no,semi-furnished
12200000,15754,2,2,2,yes,no,yes,no,no,0,no,semi-furnished
11100000,16089,3,2,2,yes,no,no,no,no,2,no,furnished
7550000,3854,4,4,3,yes,yes,no,no,yes,0,no,unfurnished
12400000,14623,5,4,1,yes,yes,no,no,no,0,no,furnished
8350000,2973,4,4,1,yes,no,no,no,no,2,no,furnished
8300000,12542,2,2,2,yes,no,no,no,no,1,no,semi-furnished
12300000,13954,3,3,2,yes,yes,no,no,no,1,no,furnished
11950000,14611,2,2,2,no,yes,no,no,yes,1,yes,furnished
6300000,4900,2,1,1,yes,no,no,no,no,0,no,unfurnished
12850000,14649,4,4,2,yes,no,no,no,no,0,no,semi-furnished
7350000,3337,4,4,3,yes,no,no,no,no,1,no,semi-furnished
9550000,9199,4,4,1,no,no,no,no,no,1,no,semi-furnished
9300000,8481,4,4,2,no,no,no,no,no,1,no,unfurnished
7850000,6246,4,3,3,yes,no,no,no,no,0,no,furnished
8500000,1971,4,4,1,yes,no,no,no,yes,1,no,furnished
11300000,12882,2,3,2,yes,yes,no,no,no,2,no,semi-furnished
7150000,6532,3,3,1,no,no,yes,no,yes,0,no,semi-furnished
8450000,11277,3,2,3,yes,no,no,no,no,0,no,unfurnished
8450000,7618,4,4,2,yes,no,no,no,no,1,no,semi-furnished
8800000,7086,1,1,3,yes,no,yes,no,no,2,yes,furnished
9600000,14545,3,2,1,yes,no,no,no,no,1,no,semi-furnished
8900000,3024,4,4,2,yes,no,yes,no,no,1,yes,semi-furnished
8950000,12367,1,1,2,yes,no,no,no,yes,1,no,furnished
9800000,12515,3,3,1,yes,no,no,no,yes,0,no,semi-furnished
10350000,7178,4,4,1,no,no,yes,no,yes,1,no,furnished
5250000,5468,4,3,1,yes,no,no,no,no,0,no,unfurnished
7200000,1727,3,3,3,yes,no,no,no,no,1,no,unfurnished
14300000,15280,4,3,2,yes,no,no,no,yes,0,yes,semi-furnished
12350000,15439,3,3,2,no,no,yes,no,no,0,no,unfurnished
9050000,5156,4,4,2,yes,no,no,no,yes,1,no,unfurnished
7000000,2114,3,2,2,yes,no,no,no,no,1,yes,furnished
7350000,3436,3,2,2,yes,no,no,no,yes,1,yes,semi-furnished
7600000,2634,3,3,2,yes,yes,yes,no,no,1,no,semi-furnished
12950000,13742,3,3,2,yes,no,no,no,no,2,no,furnished
13250000,14627,4,3,1,yes,no,no,no,no,2,no,semi-furnished
7900000,3880,2,2,3,yes,no,no,no,yes,2,yes,semi-furnished
11850000,12515,2,2,2,yes,no,no,yes,no,1,yes,unfurnished
8050000,4258,3,3,2,yes,no,yes,no,no,1,no,semi-furnished
6750000,6992,4,3,2,no,no,yes,no,no,1,yes,unfurnished
12250000,10371,4,3,1,yes,no,no,no,no,1,yes,semi-furnished
12200000,12124,6,4,4,yes,yes,no,no,no,0,no,furnished
13700000,14374,3,3,3,yes,no,yes,no,yes,1,no,unfurnished
5800000,2301,3,3,3,yes,no,no,no,no,0,no,furnished
7700000,4508,2,2,1,yes,no,no,no,yes,0,yes,furnished
7150000,5731,3,3,1,yes,no,yes,no,no,2,no,semi-furnished
9500000,6165,6,4,1,yes,no,yes,no,yes,0,no,unfurnished
13200000,16171,4,3,1,yes,no,no,no,yes,1,no,semi-furnished
11850000,12961,3,3,1,no,no,no,no,no,1,no,furnished
7750000,6312,3,3,1,no,no,yes,no,no,0,no,semi-furnished
15000000,15790,5,4,4,yes,no,no,no,no,2,no,semi-furnished
6900000,8914,3,2,1,yes,no,no,no,no,0,no,furnished
8600000,8935,2,1,1,yes,no,no,no,yes,2,no,semi-furnished
10300000,7960,3,3,3,yes,no,no,no,yes,2,no,furnished
5350000,3743,2,1,2,yes,no,no,no,no,0,no,semi-furnished
12450000,15245,2,2,2,yes,no,no,no,no,0,no,semi-furnished
5000000,1852,1,1,2,yes,no,yes,no,no,0,no,unfurnished
8000000,4185,3,4,3,yes,yes,no,no,no,1,no,semi-furnished
7850000,4991,4,4,2,no,no,yes,no,no,0,no,semi-furnished
6900000,5713,3,3,2,yes,yes,no,no,yes,3,no,semi-furnished
6750000,3568,3,3,2,yes,no,yes,no,no,0,no,unfurnished
7050000,1911,5,4,2,yes,no,no,no,no,2,no,furnished
11550000,11509,4,3,2,yes,no,yes,no,no,0,yes,furnished
13450000,15753,3,3,2,yes,yes,yes,no,yes,3,no,semi-furnished
7250000,3422,3,3,1,no,no,yes,no,no,0,no,furnished
9200000,5964,4,4,2,yes,no,no,no,no,1,no,furnished
9450000,9017,3,3,1,yes,yes,no,no,yes,1,no,furnished
12550000,15145,3,3,1,yes,no,yes,no,no,0,no,semi-furnished
12100000,11751,4,4,1,yes,yes,no,no,no,2,no,semi-furnished
9000000,12798,3,2,3,yes,no,no,no,no,0,no,unfurnished
10200000,10105,4,4,1,yes,no,no,no,no,1,yes,unfurnished
7450000,7717,3,3,2,no,no,no,no,no,1,no,semi-furnished
9050000,4556,4,4,3,yes,no,no,no,yes,1,no,unfurnished
11800000,14225,3,3,1,yes,yes,yes,no,yes,0,no,unfurnished
10500000,13350,3,3,2,yes,yes,no,no,yes,0,no,unfurnished
5000000,2015,3,2,1,no,yes,yes,no,no,0,yes,unfurnished
11450000,12059,2,2,1,yes,no,no,no,yes,0,no,semi-furnished
5200000,2877,4,3,2,yes,no,no,no,no,0,no,semi-furnished
11950000,12402,3,4,3,yes,no,no,no,yes,2,no,semi-furnished
13600000,13667,3,3,1,yes,no,no,no,yes,1,yes,furnished
6200000,3556,4,4,2,yes,yes,no,no,no,1,no,semi-furnished
9250000,7962,4,4,1,yes,no,no,no,no,1,no,furnished
6450000,3450,3,2,2,yes,yes,yes,no,no,0,no,furnished
10000000,9903,3,3,2,yes,yes,yes,no,no,1,no,unfurnished
14700000,15146,6,4,2,yes,yes,no,no,no,0,yes,unfurnished
5000000,2826,4,3,2,no,no,no,no,no,0,no,semi-furnished
8100000,7434,4,3,1,no,no,no,no,no,1,no,semi-furnished
14600000,15808,4,4,2,yes,no,yes,no,yes,1,no,semi-furnished
9100000,6028,4,4,2,yes,no,no,no,no,3,yes,unfurnished
5750000,3573,2,2,2,yes,yes,yes,no,no,0,no,unfurnished
8750000,8758,3,3,1,no,no,yes,no,yes,1,no,semi-furnished
8950000,9046,2,2,2,yes,no,yes,no,no,0,no,semi-furnished
10850000,11294,4,4,2,yes,no,no,no,no,0,no,semi-furnished
9700000,6214,5,4,1,yes,no,no,no,no,1,yes,unfurnished
10400000,15554,3,2,1,no,no,no,no,yes,0,no,unfurnished
10450000,9230,3,3,2,yes,no,no,no,no,1,no,semi-furnished
8300000,5817,2,3,2,yes,yes,no,no,no,1,no,semi-furnished
13150000,15622,5,4,1,no,no,no,no,yes,0,yes,semi-furnished
9600000,15105,2,2,3,yes,no,no,no,no,2,no,semi-furnished
8250000,8912,2,3,2,no,no,no,yes,yes,1,no,unfurnished
7150000,2011,3,3,2,yes,no,no,no,yes,2,yes,unfurnished
9400000,10335,2,2,2,yes,yes,yes,no,no,1,no,semi-furnished
9250000,9728,3,3,2,no,no,yes,no,no,2,yes,semi-furnished
5550000,3806,3,3,2,yes,no,no,no,no,0,yes,semi-furnished
11450000,10874,3,3,3,yes,no,no,no,yes,1,no,furnished
11750000,13883,2,2,2,yes,yes,no,no,no,2,no,semi-furnished
5000000,3190,2,2,2,yes,no,no,no,yes,0,no,unfurnished
10250000,12174,3,2,2,yes,no,yes,no,no,1,yes,unfurnished
7200000,3691,2,2,2,yes,no,no,no,yes,3,no,furnished
11250000,12545,4,4,1,yes,yes,no,no,yes,1,no,unfurnished
6950000,7748,2,2,2,yes,no,no,no,no,1,no,unfurnished
5900000,1744,3,3,2,yes,no,yes,no,yes,1,no,semi-furnished
12600000,15708,3,2,3,yes,yes,yes,no,no,2,no,semi-furnished
7550000,4064,3,4,2,yes,no,no,no,yes,2,no,semi-furnished
8850000,10322,1,2,2,yes,no,no,no,no,1,yes,unfurnished
6300000,4290,2,2,4,no,yes,no,no,no,0,no,furnished
13700000,15225,4,4,2,yes,yes,no,no,no,0,yes,furnished
9050000,12392,1,1,1,yes,no,no,yes,yes,1,no,semi-furnished
12150000,13353,3,3,1,yes,yes,no,no,no,2,yes,furnished
9950000,7936,3,3,1,no,no,no,no,no,1,no,semi-furnished
8100000,8450,3,2,1,yes,no,no,no,yes,0,no,unfurnished
10400000,10879,3,3,2,yes,no,no,no,yes,0,no,furnished
15000000,13068,4,4,2,yes,no,no,no,no,1,no,semi-furnished
12750000,13973,4,4,2,yes,no,no,no,yes,2,no,unfurnished
5000000,1909,3,3,1,yes,no,no,no,no,0,yes,semi-furnished
10100000,11304,3,3,2,no,no,no,no,no,1,no,semi-furnished
6150000,3238,3,3,1,yes,no,no,no,yes,2,no,semi-furnished
8900000,5839,3,2,3,yes,no,no,no,no,2,yes,furnished
12450000,13718,4,4,1,yes,no,no,no,no,0,no,furnished
7700000,5294,3,3,2,yes,no,no,no,yes,2,no,unfurnished
12650000,13243,3,3,1,yes,no,no,no,no,1,yes,semi-furnished
11600000,8386,5,4,2,yes,yes,no,no,yes,2,no,semi-furnished
7850000,5034,2,2,2,yes,no,no,no,no,0,yes,furnished
8550000,6513,3,2,2,yes,yes,no,no,no,1,yes,unfurnished
9050000,9372,4,4,1,no,no,no,no,yes,1,no,furnished
10150000,12782,2,2,3,yes,no,no,no,no,0,no,unfurnished
10050000,10467,2,1,2,yes,no,no,no,yes,1,no,semi-furnished
12550000,15228,2,2,2,yes,yes,yes,no,no,1,no,semi-furnished
14400000,14275,5,4,3,yes,no,no,no,yes,1,no,semi-furnished
8950000,12611,1,1,4,yes,no,no,no,no,0,no,furnished
8750000,10425,2,3,1,no,no,yes,no,no,1,no,semi-furnished
6250000,5867,2,2,1,yes,no,no,no,no,0,no,unfurnished
7550000,7652,2,2,1,no,no,no,no,no,2,no,furnished
5750000,3379,3,3,1,no,no,yes,no,no,3,no,semi-furnished
7700000,7094,3,2,2,yes,yes,no,no,no,0,no,semi-furnished
13200000,15130,3,3,4,yes,no,no,no,no,0,yes,furnished
8450000,7846,3,3,4,yes,yes,no,no,no,0,no,semi-furnished
7300000,3304,4,3,2,yes,no,no,no,no,1,no,furnished
7950000,11135,1,1,2,no,no,no,no,no,2,no,semi-furnished
14550000,15656,4,4,3,yes,no,no,no,yes,1,no,furnished
10950000,14271,3,3,3,no,yes,no,no,no,0,no,semi-furnished
8050000,5637,2,2,1,yes,yes,yes,no,no,0,yes,semi-furnished
8150000,8254,4,3,2,yes,no,no,no,yes,0,no,semi-furnished
12200000,9376,4,4,3,yes,no,no,no,yes,2,no,semi-furnished
6750000,5256,3,2,1,yes,no,no,no,no,1,yes,unfurnished
9050000,5559,5,4,2,yes,no,no,no,no,1,yes,semi-furnished
8050000,5093,3,3,4,yes,yes,no,no,yes,0,yes,unfurnished
12600000,16121,3,3,4,yes,no,no,no,no,2,no,furnished
12600000,12504,6,4,3,no,no,yes,no,no,0,no,semi-furnished
12850000,13884,3,2,2,yes,no,no,no,no,2,no,furnished
12850000,13531,4,4,1,yes,no,no,no,no,2,yes,semi-furnished
11350000,15605,3,3,1,yes,no,no,no,no,1,no,unfurnished
7350000,3181,4,4,2,yes,no,no,no,no,2,no,unfurnished
11300000,14477,3,4,2,no,no,no,no,no,0,no,semi-furnished
5300000,2618,3,2,2,yes,no,no,no,no,1,no,semi-furnished
9600000,8567,3,3,2,yes,no,no,no,no,0,yes,furnished
10950000,10299,3,3,2,yes,yes,yes,no,yes,1,no,furnished
7200000,6856,2,1,2,yes,no,no,no,yes,0,no,unfurnished
5750000,3776,1,1,1,yes,no,no,no,no,0,yes,furnished
6650000,4447,3,3,1,no,no,no,no,no,0,no,furnished
9500000,13648,1,1,1,yes,no,no,no,yes,0,yes,unfurnished
8050000,6287,2,2,1,yes,no,yes,no,no,1,yes,unfurnished
7550000,6165,4,4,3,yes,no,no,no,no,1,no,semi-furnished
11500000,15084,4,4,2,yes,no,no,no,no,0,no,semi-furnished
6400000,3743,4,3,1,no,no,no,no,yes,3,no,unfurnished
12050000,14967,3,3,2,yes,no,yes,no,yes,2,no,furnished
14050000,15050,4,4,2,yes,yes,yes,no,no,0,no,semi-furnished
8850000,10359,3,3,1,yes,no,no,no,no,1,yes,semi-furnished
5150000,4058,2,2,1,yes,yes,no,yes,no,1,no,unfurnished
6750000,3917,2,1,1,no,no,yes,no,yes,2,no,unfurnished
7650000,5792,4,3,2,yes,yes,yes,no,no,1,no,unfurnished
8650000,10051,2,2,1,yes,no,no,no,no,2,no,furnished
5800000,3885,3,3,1,yes,yes,yes,no,no,0,no,semi-furnished
11450000,8279,6,4,1,yes,no,no,no,yes,0,yes,semi-furnished
6100000,3330,1,1,2,yes,no,no,no,no,1,yes,unfurnished
8800000,9511,1,1,1,yes,no,yes,no,no,1,no,furnished
8100000,1957,6,4,3,yes,no,no,no,no,2,no,furnished
11450000,11966,3,2,1,yes,no,yes,no,yes,0,yes,unfurnished
5350000,2456,2,2,2,yes,no,no,no,yes,0,yes,semi-furnished
6800000,4484,4,3,2,yes,no,no,no,yes,0,no,unfurnished
9650000,4191,4,4,2,yes,no,no,no,no,0,yes,furnished
9650000,13740,3,2,1,yes,no,no,no,no,0,yes,unfurnished